"Date","week","FluApos","FluBpos","FluPos","FluTest","RSVtest","RSVpos","tem_CA","pre_CA","hits_CA","GFT Canada"
2004-01-04,"2004 W01",693,6,699,3691,3158,129,-21.6958154761905,0.0503869047619048,33,3649
2004-01-11,"2004 W02",632,0,632,3335,2754,152,-24.2809166666667,0.0407738095238095,32,2866
2004-01-18,"2004 W03",591,1,592,3160,2404,180,-23.8320833333333,0.0702857142857143,26,2230
2004-01-25,"2004 W04",465,0,465,3182,2483,262,-24.9090535714286,0.0541309523809524,44,2155
2004-02-01,"2004 W05",483,4,487,3284,2456,363,-25.547244047619,0.05075,41,1699
2004-02-08,"2004 W06",356,5,361,2977,2437,449,-18.3137023809524,0.0481130952380952,37,1649
2004-02-15,"2004 W07",273,1,274,2699,2138,387,-20.3155773809524,0.0382738095238095,31,1700
2004-02-22,"2004 W08",190,7,197,2812,2485,544,-19.6493333333333,0.0396547619047619,24,1580
2004-02-29,"2004 W09",145,17,162,2511,2299,489,-15.932994047619,0.0321190476190476,19,1427
2004-03-07,"2004 W10",89,8,97,2459,2479,486,-19.026369047619,0.0552261904761905,19,1409
2004-03-14,"2004 W11",58,12,70,2156,2271,527,-15.714375,0.055952380952381,14,1404
2004-03-21,"2004 W12",24,13,37,1745,1899,365,-15.5469226190476,0.0526666666666667,25,1424
2004-03-28,"2004 W13",20,11,31,1683,1774,342,-14.3993571428571,0.0679404761904762,18,1111
2004-04-04,"2004 W14",10,9,19,1342,1534,269,-7.50992261904762,0.0576428571428571,29,1178
2004-04-11,"2004 W15",8,12,20,1528,1714,249,-7.07517857142857,0.0459583333333333,20,1425
2004-04-18,"2004 W16",10,5,15,1381,1599,212,-7.77203571428571,0.0652559523809524,18,1163
2004-04-25,"2004 W17",7,2,9,1260,1479,175,-5.36441071428571,0.0729345238095238,11,1043
2004-05-02,"2004 W18",6,2,8,1107,1252,109,-2.53397619047619,0.071375,13,786
2004-05-09,"2004 W19",9,0,9,1103,1098,84,-2.85741071428571,0.0922678571428571,15,895
2004-05-16,"2004 W20",7,2,9,915,1058,62,-0.480363095238095,0.0673095238095238,12,684
2004-05-23,"2004 W21",1,2,3,650,843,44,1.66761904761905,0.0745059523809524,10,743
2004-05-30,"2004 W22",2,1,3,693,763,43,3.12783333333333,0.106321428571429,8,1041
2004-06-06,"2004 W23",4,2,6,609,684,29,6.5592380952381,0.0852916666666667,10,792
2004-06-13,"2004 W24",1,1,2,575,663,32,7.42682738095238,0.112875,6,819
2004-06-20,"2004 W25",1,0,1,537,610,11,9.22551785714286,0.105636904761905,6,755
2004-06-27,"2004 W26",2,0,2,422,480,14,10.8552916666667,0.0824107142857143,6,711
2004-07-04,"2004 W27",0,0,0,444,487,11,11.7062202380952,0.107285714285714,6,752
2004-07-11,"2004 W28",0,0,0,420,474,14,12.8934702380952,0.113422619047619,7,663
2004-07-18,"2004 W29",1,0,1,429,453,10,14.5113273809524,0.099797619047619,6,699
2004-07-25,"2004 W30",1,0,1,393,430,7,12.903744047619,0.108815476190476,6,528
2004-08-01,"2004 W31",0,0,0,286,299,2,12.9205833333333,0.108220238095238,4,631
2004-08-08,"2004 W32",1,0,1,433,465,1,11.6721369047619,0.103916666666667,0,651
2004-08-15,"2004 W33",2,0,2,374,389,0,12.2959107142857,0.0950773809523809,7,810
2004-08-22,"2004 W34",2,0,2,498,523,0,10.2780892857143,0.112208333333333,6,671
2004-08-29,"2004 W35",0,0,0,404,428,4,8.24022023809524,0.12847619047619,8,755
2004-09-05,"2004 W36",0,0,0,440,461,7,8.09205357142857,0.119458333333333,9,1014
2004-09-12,"2004 W37",1,1,2,558,575,5,5.32294047619048,0.14239880952381,9,1042
2004-09-19,"2004 W38",1,1,2,559,659,1,4.58957142857143,0.121333333333333,13,1407
2004-09-26,"2004 W39",3,0,3,791,948,7,4.95497619047619,0.100517857142857,17,1656
2004-10-03,"2004 W40",4,0,4,776,906,4,1.7382619047619,0.0774285714285714,30,1544
2004-10-10,"2004 W41",8,0,8,933,1005,6,1.34195833333333,0.0957202380952381,40,1675
2004-10-17,"2004 W42",2,0,2,1139,1184,33,-2.34617857142857,0.105083333333333,76,1924
2004-10-24,"2004 W43",14,0,14,1108,1154,6,-5.41624404761905,0.076922619047619,57,2014
2004-10-31,"2004 W44",15,0,15,1032,1062,13,-4.86634523809524,0.0763392857142857,58,2207
2004-11-07,"2004 W45",8,1,9,1039,1109,25,-8.21027976190476,0.0834107142857143,51,2245
2004-11-14,"2004 W46",27,0,27,1275,1367,25,-11.6760476190476,0.0512261904761905,48,2237
2004-11-21,"2004 W47",31,0,31,1273,1364,31,-9.32243452380952,0.0635,42,2156
2004-11-28,"2004 W48",34,1,35,1299,1393,70,-13.4614821428571,0.0716845238095238,31,2345
2004-12-05,"2004 W49",81,1,82,1493,1505,94,-17.8167797619048,0.0778035714285714,32,2457
2004-12-12,"2004 W50",129,4,133,1503,1354,125,-20.2470892857143,0.0614107142857143,26,2722
2004-12-19,"2004 W51",278,2,280,1718,1312,164,-19.5663630952381,0.0680714285714286,26,3099
2004-12-26,"2004 W52",502,10,512,2660,1732,187,-24.1702976190476,0.0717738095238095,27,3586
2005-01-02,"2004 W53",730,8,738,4015,2632,271,-23.2167916666667,0.0526190476190476,27,3761
2005-01-09,"2005 W01",822,7,829,4297,2926,254,-21.1893928571429,0.039827380952381,27,3120
2005-01-16,"2005 W02",801,23,824,3977,2672,235,-26.9916011904762,0.046875,27,3123
2005-01-23,"2005 W03",948,17,965,4494,3076,381,-24.2568333333333,0.0804285714285714,25,3276
2005-01-30,"2005 W04",976,39,1015,4146,2836,361,-20.994119047619,0.0563392857142857,24,3392
2005-02-06,"2005 W05",850,61,911,4838,3670,477,-18.885875,0.0671845238095238,24,3526
2005-02-13,"2005 W06",722,70,792,4788,4045,604,-18.7925178571429,0.052875,23,3274
2005-02-20,"2005 W07",627,94,721,4381,3905,568,-19.8096607142857,0.0419285714285714,34,3658
2005-02-27,"2005 W08",647,163,810,4825,4303,721,-17.1900238095238,0.036875,39,3527
2005-03-06,"2005 W09",385,151,536,3865,3695,601,-14.9917261904762,0.055625,38,2927
2005-03-13,"2005 W10",327,197,524,3433,3314,539,-14.7879702380952,0.0667738095238095,25,2786
2005-03-20,"2005 W11",144,200,344,2498,2516,363,-12.4913273809524,0.0361011904761905,21,2438
2005-03-27,"2005 W12",92,239,331,2723,2764,369,-13.4462023809524,0.0355535714285714,20,2370
2005-04-03,"2005 W13",89,188,277,2374,2408,317,-7.56134523809524,0.0821607142857143,11,2036
2005-04-10,"2005 W14",39,122,161,1951,1995,226,-4.1667380952381,0.0633511904761905,19,1715
2005-04-17,"2005 W15",32,104,136,1891,1977,157,-4.56602976190476,0.0675357142857143,12,1509
2005-04-24,"2005 W16",9,55,64,1443,1511,91,-2.22265476190476,0.0522678571428571,16,1509
2005-05-01,"2005 W17",10,42,52,1321,1400,61,-2.37973214285714,0.0668571428571429,12,1451
2005-05-08,"2005 W18",2,34,36,1500,1589,48,0.290952380952381,0.051797619047619,14,1524
2005-05-15,"2005 W19",3,25,28,1176,1241,28,0.846958333333334,0.0738452380952381,12,1262
2005-05-22,"2005 W20",5,8,13,1190,1285,27,4.43268452380952,0.111202380952381,13,1182
2005-05-29,"2005 W21",2,2,4,835,892,18,7.48621428571429,0.071327380952381,9,1110
2005-06-05,"2005 W22",4,4,8,842,946,17,8.76947619047619,0.0968809523809524,11,878
2005-06-12,"2005 W23",1,2,3,666,841,15,9.71360119047619,0.107065476190476,8,777
2005-06-19,"2005 W24",1,0,1,671,811,2,10.0691726190476,0.135928571428571,8,944
2005-06-26,"2005 W25",4,0,4,517,671,3,10.2436666666667,0.118214285714286,9,748
2005-07-03,"2005 W26",2,0,2,549,602,2,11.7205357142857,0.14135119047619,13,892
2005-07-10,"2005 W27",1,0,1,525,588,4,13.269125,0.126744047619048,10,812
2005-07-17,"2005 W28",2,1,3,533,587,3,14.9796666666667,0.124744047619048,9,639
2005-07-24,"2005 W29",1,0,1,539,582,1,11.5424702380952,0.136071428571429,10,732
2005-07-31,"2005 W30",0,0,0,536,585,1,11.3962916666667,0.0978333333333333,7,705
2005-08-07,"2005 W31",0,0,0,517,561,1,13.2986547619048,0.123571428571429,9,745
2005-08-14,"2005 W32",0,0,0,446,494,2,11.693625,0.106392857142857,12,665
2005-08-21,"2005 W33",4,0,4,540,557,4,10.1339226190476,0.111196428571429,14,835
2005-08-28,"2005 W34",0,0,0,465,513,2,11.2962202380952,0.119077380952381,12,936
2005-09-04,"2005 W35",0,0,0,514,579,2,9.53452976190476,0.126767857142857,12,1050
2005-09-11,"2005 W36",0,0,0,578,644,4,8.69147619047619,0.121642857142857,18,1169
2005-09-18,"2005 W37",2,2,4,645,706,3,5.69063095238095,0.104988095238095,22,1424
2005-09-25,"2005 W38",0,0,0,718,813,1,3.5173869047619,0.103702380952381,29,1642
2005-10-02,"2005 W39",8,0,8,883,944,9,1.71793452380952,0.124636904761905,48,1758
2005-10-09,"2005 W40",4,0,4,972,1125,13,-0.499386904761905,0.10077380952381,62,1786
2005-10-16,"2005 W41",0,0,0,1057,1186,29,-0.500845238095238,0.104107142857143,91,2048
2005-10-23,"2005 W42",1,0,1,1015,1183,22,-2.1312619047619,0.0780833333333333,95,2054
2005-10-30,"2005 W43",5,0,5,1056,1254,19,-2.34930357142857,0.0636428571428572,100,2305
2005-11-06,"2005 W44",1,1,2,990,1153,33,-7.51679166666667,0.0733869047619048,73,2131
2005-11-13,"2005 W45",3,4,7,1386,1443,33,-9.06395833333333,0.102363095238095,70,2433
2005-11-20,"2005 W46",4,5,9,1424,1483,60,-11.7944464285714,0.086827380952381,68,2387
2005-11-27,"2005 W47",8,12,20,1472,1569,75,-11.729994047619,0.0848988095238095,44,2134
2005-12-04,"2005 W48",8,23,31,1651,1697,104,-15.2335,0.0673690476190476,35,2256
2005-12-11,"2005 W49",25,37,62,1727,1750,109,-16.7475238095238,0.0522738095238095,28,2321
2005-12-18,"2005 W50",7,38,45,1326,1393,148,-16.9147321428571,0.0507142857142857,29,2480
2005-12-25,"2005 W51",43,30,73,1612,1587,182,-16.5415297619048,0.0534345238095238,22,2697
2006-01-01,"2005 W52",37,29,66,2248,2126,246,-16.3637023809524,0.0515654761904762,25,2915
2006-01-08,"2006 W01",34,39,73,2552,2422,204,-16.9557797619048,0.0447797619047619,39,2356
2006-01-15,"2006 W02",42,45,87,2316,2257,190,-18.1629821428571,0.0669166666666667,39,2223
2006-01-22,"2006 W03",97,110,207,2579,2427,223,-20.2376785714286,0.0721369047619048,39,2295
2006-01-29,"2006 W04",128,97,225,2816,2697,249,-19.8650535714286,0.0516130952380952,30,2401
2006-02-05,"2006 W05",161,126,287,2810,2734,237,-18.0378392857143,0.067547619047619,28,2587
2006-02-12,"2006 W06",193,143,336,2928,2844,263,-16.0911607142857,0.0422976190476191,29,2503
2006-02-19,"2006 W07",213,170,383,3193,3017,247,-20.4136488095238,0.0395833333333333,33,2793
2006-02-26,"2006 W08",219,231,450,3085,2877,264,-19.123744047619,0.0348928571428571,38,3310
2006-03-05,"2006 W09",277,244,521,3087,2710,191,-16.7292202380952,0.046672619047619,42,3533
2006-03-12,"2006 W10",324,325,649,3181,2908,262,-12.4075952380952,0.060827380952381,41,2843
2006-03-19,"2006 W11",376,255,631,3156,2682,287,-17.0306607142857,0.052672619047619,39,2752
2006-03-26,"2006 W12",421,193,614,3030,2282,184,-8.27992857142857,0.0393392857142857,34,2326
2006-04-02,"2006 W13",415,185,600,3188,2307,205,-8.07710714285714,0.0528571428571429,30,2169
2006-04-09,"2006 W14",358,133,491,2906,2265,212,-6.11767261904762,0.0524523809523809,22,1854
2006-04-16,"2006 W15",267,86,353,2472,1989,173,-4.84735119047619,0.078125,19,1769
2006-04-23,"2006 W16",210,61,271,1951,1641,138,-1.79872023809524,0.0571011904761905,20,1632
2006-04-30,"2006 W17",117,57,174,1858,1585,137,-0.736172619047619,0.0533928571428571,23,1445
2006-05-07,"2006 W18",74,28,102,1663,1522,100,1.08305357142857,0.0768452380952381,26,1276
2006-05-14,"2006 W19",71,6,77,1101,1017,57,4.0134880952381,0.0754583333333333,18,1173
2006-05-21,"2006 W20",32,8,40,1271,1127,85,5.73333333333333,0.0860595238095238,29,1172
2006-05-28,"2006 W21",13,6,19,1113,1057,56,5.83327976190476,0.108988095238095,26,1078
2006-06-04,"2006 W22",8,3,11,953,994,66,8.82990476190476,0.116107142857143,19,940
2006-06-11,"2006 W23",4,1,5,843,867,39,9.30194642857143,0.0979940476190476,17,951
2006-06-18,"2006 W24",3,0,3,804,791,40,12.1556369047619,0.112815476190476,18,858
2006-06-25,"2006 W25",2,2,4,903,879,45,11.2024285714286,0.105369047619048,12,752
2006-07-02,"2006 W26",0,2,2,627,644,28,13.1050892857143,0.119583333333333,10,785
2006-07-09,"2006 W27",3,1,4,701,671,25,12.8037797619048,0.11760119047619,13,786
2006-07-16,"2006 W28",0,0,0,654,610,20,13.4217976190476,0.107779761904762,11,724
2006-07-23,"2006 W29",0,0,0,618,625,27,14.3671726190476,0.105678571428571,10,707
2006-07-30,"2006 W30",0,0,0,507,545,23,13.7659702380952,0.124541666666667,10,744
2006-08-06,"2006 W31",0,0,0,597,582,20,13.0127916666667,0.102880952380952,7,736
2006-08-13,"2006 W32",1,0,1,624,570,12,12.6390357142857,0.118077380952381,9,774
2006-08-20,"2006 W33",0,0,0,695,620,16,11.8935773809524,0.0927440476190476,10,752
2006-08-27,"2006 W34",0,0,0,730,624,11,10.6581488095238,0.0776547619047619,8,801
2006-09-03,"2006 W35",0,0,0,650,618,16,9.83090476190476,0.0878452380952381,9,931
2006-09-10,"2006 W36",4,0,4,777,763,10,9.14001785714286,0.057672619047619,12,1118
2006-09-17,"2006 W37",1,0,1,1016,932,16,6.20574404761905,0.0929523809523809,15,1427
2006-09-24,"2006 W38",2,0,2,1180,1041,15,4.77372619047619,0.0948630952380952,17,1627
2006-10-01,"2006 W39",0,1,1,963,1061,24,3.79505357142857,0.0985178571428571,19,1770
2006-10-08,"2006 W40",2,0,2,1184,1225,42,1.74114285714286,0.0771309523809524,22,1758
2006-10-15,"2006 W41",1,0,1,1329,1381,59,-1.4236130952381,0.0992321428571429,27,1864
2006-10-22,"2006 W42",4,0,4,1294,1353,65,-2.88644642857143,0.0881964285714286,29,2003
2006-10-29,"2006 W43",7,0,7,1446,1492,117,-3.5910119047619,0.0966547619047619,32,2048
2006-11-05,"2006 W44",12,0,12,1284,1389,187,-9.99508928571428,0.057172619047619,39,2088
2006-11-12,"2006 W45",11,1,12,1519,1697,234,-12.4772083333333,0.0905416666666667,50,2228
2006-11-19,"2006 W46",29,0,29,1655,1849,321,-11.1721369047619,0.10822619047619,46,2334
2006-11-26,"2006 W47",35,0,35,1956,2185,414,-15.9610773809524,0.0559107142857143,43,2418
2006-12-03,"2006 W48",91,2,93,2302,2589,619,-19.7598333333333,0.072672619047619,39,2520
2006-12-10,"2006 W49",162,0,162,2441,2789,638,-15.6783630952381,0.0526666666666667,28,2717
2006-12-17,"2006 W50",167,3,170,2953,2992,739,-13.357994047619,0.0654226190476191,26,3008
2006-12-24,"2006 W51",112,1,113,2629,2616,790,-15.1748869047619,0.0591785714285714,26,3302
2006-12-31,"2006 W52",130,0,130,3078,3140,788,-16.8803392857143,0.0387797619047619,32,3722
2007-01-07,"2007 W01",196,8,204,3160,3254,781,-13.5721904761905,0.0861964285714286,32,3099
2007-01-14,"2007 W02",191,5,196,2935,2949,584,-23.378744047619,0.04825,27,2748
2007-01-21,"2007 W03",227,12,239,2889,2618,393,-21.3978452380952,0.0518035714285714,24,2844
2007-01-28,"2007 W04",368,17,385,3460,3141,504,-20.1481964285714,0.0482202380952381,24,2965
2007-02-04,"2007 W05",412,18,430,3346,2970,402,-22.1564761904762,0.0297023809523809,24,3309
2007-02-11,"2007 W06",595,20,615,3681,3212,340,-23.5426904761905,0.0308690476190476,28,3456
2007-02-18,"2007 W07",601,38,639,3639,2897,293,-20.844,0.0554880952380952,24,3340
2007-02-25,"2007 W08",803,45,848,4243,3133,275,-20.9382083333333,0.0488988095238095,23,3006
2007-03-04,"2007 W09",874,68,942,4418,3159,254,-19.7191428571429,0.0436904761904762,19,2845
2007-03-11,"2007 W10",633,59,692,3932,2764,202,-20.1983273809524,0.0598095238095238,17,2311
2007-03-18,"2007 W11",367,86,453,3252,2304,162,-18.1839166666667,0.0667619047619048,15,1847
2007-03-25,"2007 W12",288,91,379,2769,1848,118,-13.1467202380952,0.070327380952381,14,1618
2007-04-01,"2007 W13",186,99,285,2643,1840,101,-9.78741666666667,0.0627857142857143,12,1588
2007-04-08,"2007 W14",88,103,191,2260,1531,81,-11.2900773809524,0.0563988095238095,11,1744
2007-04-15,"2007 W15",73,82,155,2143,1651,72,-5.66957738095238,0.0505595238095238,12,1513
2007-04-22,"2007 W16",41,78,119,2045,1551,56,-2.48953571428571,0.0483690476190476,11,1326
2007-04-29,"2007 W17",31,54,85,1716,1383,48,-1.49866666666667,0.0600892857142857,11,1258
2007-05-06,"2007 W18",11,45,56,1609,1407,27,0.353916666666667,0.0803988095238095,8,1188
2007-05-13,"2007 W19",10,23,33,1222,1047,15,1.49551785714286,0.069375,9,1054
2007-05-20,"2007 W20",7,16,23,1138,1003,14,0.695178571428571,0.0730178571428571,9,920
2007-05-27,"2007 W21",1,3,4,1158,1079,8,3.97731547619048,0.0831904761904762,9,947
2007-06-03,"2007 W22",2,7,9,885,812,13,7.125125,0.0816845238095238,8,760
2007-06-10,"2007 W23",4,4,8,858,798,9,7.62275,0.125660714285714,7,776
2007-06-17,"2007 W24",3,3,6,815,752,3,10.830625,0.096125,7,783
2007-06-24,"2007 W25",1,0,1,833,790,3,9.54208928571428,0.126583333333333,7,770
2007-07-01,"2007 W26",0,0,0,654,623,1,11.6690178571429,0.120738095238095,8,743
2007-07-08,"2007 W27",0,1,1,718,660,3,13.0882202380952,0.102,6,778
2007-07-15,"2007 W28",3,0,3,627,586,4,14.1790416666667,0.111077380952381,6,616
2007-07-22,"2007 W29",0,0,0,655,619,1,14.9270654761905,0.127184523809524,6,635
2007-07-29,"2007 W30",0,0,0,518,477,1,15.1490178571429,0.0959761904761905,7,588
2007-08-05,"2007 W31",3,0,3,651,613,3,13.7037916666667,0.115053571428571,7,648
2007-08-12,"2007 W32",0,0,0,697,648,0,11.1727976190476,0.125154761904762,6,590
2007-08-19,"2007 W33",1,0,1,737,623,4,10.7138333333333,0.0952619047619048,6,668
2007-08-26,"2007 W34",2,0,2,722,663,2,10.1887738095238,0.11477380952381,7,740
2007-09-02,"2007 W35",0,0,0,701,657,0,9.17385714285714,0.0963928571428571,8,832
2007-09-09,"2007 W36",0,0,0,810,760,3,7.35579166666667,0.116315476190476,9,933
2007-09-16,"2007 W37",1,0,1,949,853,7,4.92955357142857,0.123452380952381,11,1274
2007-09-23,"2007 W38",1,0,1,1055,1041,3,3.53495833333333,0.116964285714286,15,1379
2007-09-30,"2007 W39",2,0,2,1085,1075,18,2.09129761904762,0.113261904761905,20,1465
2007-10-07,"2007 W40",0,1,1,1119,1111,9,0.847803571428571,0.107833333333333,17,1340
2007-10-14,"2007 W41",9,1,10,1335,1263,16,-0.528160714285714,0.0878511904761905,26,1513
2007-10-21,"2007 W42",0,0,0,1270,1238,20,-1.16361904761905,0.0944047619047619,30,1504
2007-10-28,"2007 W43",2,0,2,1343,1269,38,-4.00630952380952,0.0923571428571429,36,1628
2007-11-04,"2007 W44",3,2,5,1490,1430,32,-7.08623214285714,0.0814345238095238,42,1717
2007-11-11,"2007 W45",1,2,3,1584,1433,61,-11.455005952381,0.0637261904761905,44,1896
2007-11-18,"2007 W46",10,3,13,1752,1595,86,-10.881880952381,0.08825,37,1972
2007-11-25,"2007 W47",8,2,10,1838,1668,110,-15.3301666666667,0.051797619047619,31,1911
2007-12-02,"2007 W48",45,4,49,2238,1969,131,-20.48225,0.0462261904761905,27,1949
2007-12-09,"2007 W49",47,20,67,2268,2077,185,-20.112380952381,0.0529761904761905,25,2156
2007-12-16,"2007 W50",112,35,147,2515,2271,228,-19.8617797619048,0.0517619047619048,23,2390
2007-12-23,"2007 W51",86,21,107,1919,1865,321,-19.6411607142857,0.0594583333333333,22,2883
2007-12-30,"2007 W52",241,51,292,2770,2691,471,-20.676875,0.0503511904761905,26,3058
2008-01-06,"2008 W01",205,62,267,3833,3452,454,-20.4865238095238,0.0504761904761905,21,2728
2008-01-13,"2008 W02",238,61,299,3801,3287,483,-18.7288154761905,0.0652083333333333,22,2474
2008-01-20,"2008 W03",245,106,351,3904,3483,418,-22.1246130952381,0.0510952380952381,21,2494
2008-01-27,"2008 W04",352,156,508,4195,3503,437,-22.6725654761905,0.0296607142857143,20,2668
2008-02-03,"2008 W05",316,171,487,4711,3893,617,-26.0717083333333,0.0664107142857143,20,2826
2008-02-10,"2008 W06",395,212,607,4634,3822,522,-26.1975357142857,0.0515535714285714,22,2786
2008-02-17,"2008 W07",478,281,759,4656,3803,501,-22.736125,0.0540595238095238,21,3010
2008-02-24,"2008 W08",531,338,869,5151,4110,514,-17.778755952381,0.030452380952381,24,3080
2008-03-02,"2008 W09",539,341,880,5069,4063,476,-20.0674345238095,0.0453988095238095,22,3052
2008-03-09,"2008 W10",422,376,798,4985,4011,366,-18.28325,0.0636845238095238,19,2808
2008-03-16,"2008 W11",510,381,891,4764,3716,331,-17.1202142857143,0.038172619047619,20,2520
2008-03-23,"2008 W12",397,383,780,4826,3811,333,-16.1251071428571,0.0599702380952381,19,2469
2008-03-30,"2008 W13",437,445,882,4987,3966,284,-14.7772321428571,0.0352440476190476,20,2365
2008-04-06,"2008 W14",421,474,895,4940,3925,264,-10.5929702380952,0.0496309523809524,17,2202
2008-04-13,"2008 W15",354,418,772,4579,3678,258,-5.43592261904762,0.0588035714285714,14,1874
2008-04-20,"2008 W16",230,332,562,4209,3351,167,-5.27685714285714,0.0499702380952381,13,1679
2008-04-27,"2008 W17",170,229,399,3767,2897,169,-5.36805952380952,0.0666904761904762,12,1419
2008-05-04,"2008 W18",102,148,250,2741,2414,151,-1.32842857142857,0.0717738095238095,14,1179
2008-05-11,"2008 W19",57,58,115,2299,2052,139,0.393059523809524,0.0544642857142857,12,1089
2008-05-18,"2008 W20",23,26,49,1928,1741,98,4.36360714285714,0.0798511904761905,11,1002
2008-05-25,"2008 W21",21,30,51,1707,1569,85,4.97331547619048,0.0851488095238095,8,805
2008-06-01,"2008 W22",14,19,33,1613,1439,44,6.0181130952381,0.0865416666666667,10,688
2008-06-08,"2008 W23",8,4,12,1124,1064,35,7.94255357142857,0.113529761904762,8,642
2008-06-15,"2008 W24",5,3,8,1075,1024,33,8.64195833333333,0.126845238095238,10,757
2008-06-22,"2008 W25",3,1,4,942,891,14,10.8710654761905,0.10347619047619,6,665
2008-06-29,"2008 W26",4,0,4,768,790,28,12.2085892857143,0.121982142857143,8,615
2008-07-06,"2008 W27",2,0,2,760,795,16,13.0731845238095,0.127232142857143,7,520
2008-07-13,"2008 W28",1,1,2,763,785,33,12.3989226190476,0.1385,6,491
2008-07-20,"2008 W29",0,1,1,838,751,21,13.2743273809524,0.100214285714286,7,494
2008-07-27,"2008 W30",0,0,0,698,730,16,14.3442738095238,0.116910714285714,7,429
2008-08-03,"2008 W31",0,1,1,549,586,14,13.4484047619048,0.131738095238095,6,474
2008-08-10,"2008 W32",3,1,4,698,659,11,14.0663571428571,0.094125,6,577
2008-08-17,"2008 W33",0,2,2,676,635,9,12.9638928571429,0.106339285714286,7,565
2008-08-24,"2008 W34",1,1,2,606,647,10,10.8743928571429,0.143065476190476,7,711
2008-08-31,"2008 W35",0,0,0,598,650,12,9.45325595238095,0.129488095238095,7,740
2008-09-07,"2008 W36",0,1,1,808,781,11,8.05902380952381,0.0952619047619048,9,914
2008-09-14,"2008 W37",0,0,0,953,995,11,6.11286904761905,0.0998333333333333,13,1205
2008-09-21,"2008 W38",2,2,4,945,1029,16,4.15064285714286,0.0830416666666667,13,1463
2008-09-28,"2008 W39",1,1,2,1068,1170,19,3.52081547619048,0.103928571428571,15,1422
2008-10-05,"2008 W40",0,0,0,1191,1301,13,3.013375,0.10185119047619,20,1470
2008-10-12,"2008 W41",0,1,1,1137,1199,21,0.407113095238095,0.0789464285714286,25,1473
2008-10-19,"2008 W42",3,0,3,1260,1320,34,-1.72110119047619,0.0852440476190476,31,1576
2008-10-26,"2008 W43",2,1,3,1378,1420,33,-3.56777380952381,0.0816845238095238,47,1642
2008-11-02,"2008 W44",5,2,7,1509,1541,51,-6.53393452380952,0.0822142857142857,41,1767
2008-11-09,"2008 W45",7,3,10,1459,1521,49,-8.13848214285714,0.093047619047619,52,1977
2008-11-16,"2008 W46",16,4,20,1758,1773,114,-9.94473214285714,0.0889880952380952,46,1999
2008-11-23,"2008 W47",10,7,17,1903,1966,139,-15.1938333333333,0.0630297619047619,38,1947
2008-11-30,"2008 W48",8,12,20,2117,2128,185,-11.6754285714286,0.0595,27,2047
2008-12-07,"2008 W49",16,16,32,2042,2066,249,-16.7208333333333,0.0709047619047619,25,2101
2008-12-14,"2008 W50",20,12,32,2326,2283,301,-23.2778511904762,0.0680595238095238,21,2133
2008-12-21,"2008 W51",23,32,55,2012,1963,324,-25.3520833333333,0.0398392857142857,20,2246
2008-12-28,"2008 W52",43,44,87,2633,2681,463,-24.335869047619,0.0612559523809524,26,2547
2009-01-04,"2009 W01",66,52,118,3306,3176,534,-24.9635357142857,0.0593630952380952,2,2596
2009-01-11,"2009 W02",112,58,170,3111,3148,558,-23.1284226190476,0.0584761904761905,2,2439
2009-01-18,"2009 W03",153,103,256,3453,3302,577,-22.3143571428571,0.0416488095238095,2,2475
2009-01-25,"2009 W04",189,147,336,3388,3161,562,-21.2494464285714,0.0295119047619047,2,2818
2009-02-01,"2009 W05",324,244,568,4865,4357,780,-21.3617797619048,0.0533095238095238,2,2951
2009-02-08,"2009 W06",407,317,724,5147,4402,823,-19.8289345238095,0.0465654761904762,2,3082
2009-02-15,"2009 W07",519,406,925,5431,4420,767,-18.9975892857143,0.042077380952381,2,3308
2009-02-22,"2009 W08",583,434,1017,5965,4840,725,-18.0974642857143,0.032077380952381,2,3299
2009-03-01,"2009 W09",651,441,1092,5878,4480,570,-22.4165535714286,0.0432738095238095,2,3057
2009-03-08,"2009 W10",561,323,884,5458,3991,453,-18.1218928571429,0.0588035714285714,2,2609
2009-03-15,"2009 W11",547,294,841,4709,3748,358,-21.6880178571429,0.0444940476190476,1,2294
2009-03-22,"2009 W12",431,208,639,4450,3429,292,-16.4910654761905,0.0467678571428571,1,2120
2009-03-29,"2009 W13",338,166,504,4177,3333,304,-13.0624821428571,0.0598095238095238,1,1844
2009-04-05,"2009 W14",225,129,354,3366,2679,226,-8.77150595238095,0.0594702380952381,1,1604
2009-04-12,"2009 W15",194,90,284,3107,2647,197,-6.92191071428571,0.0533214285714286,1,1542
2009-04-19,"2009 W16",114,40,154,2954,2516,140,-5.64154761904762,0.0543630952380952,6,1684
2009-04-26,"2009 W17",275,84,359,8939,5770,123,-4.45496428571429,0.0721309523809524,100,2342
2009-05-03,"2009 W18",323,81,404,8574,4893,71,-2.12666666666667,0.0496071428571429,29,2326
2009-05-10,"2009 W19",254,47,301,6353,4415,61,-0.912267857142857,0.066797619047619,11,2247
2009-05-17,"2009 W20",830,20,850,6435,3498,57,-1.53603571428571,0.101404761904762,8,1853
2009-05-24,"2009 W21",353,17,370,4364,3298,48,1.36399404761905,0.0611369047619048,5,1661
2009-05-31,"2009 W22",1475,4,1479,5926,3406,30,3.86689880952381,0.0814404761904762,5,1607
2009-06-07,"2009 W23",2914,1,2915,9803,4408,26,5.73115476190476,0.0601309523809524,8,2116
2009-06-14,"2009 W24",1609,7,1616,8438,5463,31,8.35258928571429,0.0755952380952381,7,1937
2009-06-21,"2009 W25",1554,5,1559,8171,4405,23,11.1772976190476,0.111702380952381,5,1563
2009-06-28,"2009 W26",1021,3,1024,7191,3841,26,11.6449761904762,0.141,4,1197
2009-07-05,"2009 W27",816,2,818,6533,4592,16,11.2540119047619,0.120363095238095,4,1199
2009-07-12,"2009 W28",706,0,706,6263,3785,9,11.3774047619048,0.124470238095238,5,1175
2009-07-19,"2009 W29",600,2,602,6412,3727,10,11.7236547619048,0.13010119047619,5,1137
2009-07-26,"2009 W30",509,0,509,5125,2255,8,14.4673154761905,0.0922619047619048,4,1151
2009-08-02,"2009 W31",234,0,234,4324,2142,4,14.2693988095238,0.109482142857143,3,973
2009-08-09,"2009 W32",194,1,195,4640,2429,9,12.0384107142857,0.0982380952380952,4,1015
2009-08-16,"2009 W33",149,0,149,4414,2149,6,11.631380952381,0.109059523809524,4,1121
2009-08-23,"2009 W34",82,6,88,4333,2290,5,11.0674821428571,0.141,4,1309
2009-08-30,"2009 W35",97,0,97,3364,2075,14,9.87629761904762,0.0910416666666667,6,1584
2009-09-06,"2009 W36",106,0,106,3501,2266,4,10.3306845238095,0.0742678571428571,6,2071
2009-09-13,"2009 W37",125,0,125,3803,2279,9,8.57260119047619,0.087577380952381,8,2621
2009-09-20,"2009 W38",240,0,240,5324,2841,14,7.52140476190476,0.0893333333333333,9,3360
2009-09-27,"2009 W39",268,0,268,5212,3310,26,5.37391071428571,0.0862380952380952,9,3718
2009-10-04,"2009 W40",663,1,664,6492,3527,27,0.921910714285714,0.104482142857143,9,4154
2009-10-11,"2009 W41",1503,1,1504,7282,4151,26,-2.27354761904762,0.0868095238095238,13,5111
2009-10-18,"2009 W42",4221,0,4221,15080,6454,39,-4.9221130952381,0.0480952380952381,22,6799
2009-10-25,"2009 W43",8039,2,8041,19936,8495,41,-5.44525595238095,0.0772440476190476,54,9688
2009-11-01,"2009 W44",8790,2,8792,21251,7007,53,-7.569875,0.110589285714286,34,9630
2009-11-08,"2009 W45",7175,1,7176,17664,5045,51,-9.89565476190476,0.0640654761904762,19,6504
2009-11-15,"2009 W46",4291,1,4292,12414,4676,79,-8.747875,0.0625654761904762,11,4316
2009-11-22,"2009 W47",1957,0,1957,8195,3649,91,-10.5802678571429,0.06075,9,3055
2009-11-29,"2009 W48",768,0,768,6142,3205,139,-9.96778571428571,0.0708630952380952,7,2489
2009-12-06,"2009 W49",300,1,301,4489,2765,158,-13.783255952381,0.0493869047619048,5,2134
2009-12-13,"2009 W50",122,0,122,3421,2225,228,-22.4046428571429,0.0367380952380952,4,2077
2009-12-20,"2009 W51",46,1,47,2428,1936,199,-20.2514107142857,0.0585833333333333,3,1957
2009-12-27,"2009 W52",32,0,32,2457,1892,310,-16.7455178571429,0.0501607142857143,3,2199
2010-01-03,"2009 W53",40,1,41,3063,2086,341,-21.817619047619,0.0471607142857143,3,2176
2010-01-10,"2010 W01",14,1,15,2535,2140,365,-20.901244047619,0.0431666666666667,2,1683
2010-01-17,"2010 W02",7,1,8,2411,2181,475,-19.8711488095238,0.0666369047619048,2,1695
2010-01-24,"2010 W03",13,1,14,2317,2150,529,-17.8075178571429,0.0333571428571429,2,1619
2010-01-31,"2010 W04",10,0,10,2491,2377,599,-20.9616071428571,0.0574166666666667,2,1757
2010-02-07,"2010 W05",6,0,6,2559,2560,691,-20.4897261904762,0.0257738095238095,2,1736
2010-02-14,"2010 W06",6,0,6,2518,2684,759,-15.573755952381,0.0376369047619048,2,1717
2010-02-21,"2010 W07",6,1,7,2764,2771,681,-12.782625,0.0353035714285714,2,1751
2010-02-28,"2010 W08",1,2,3,2561,2662,645,-15.6862202380952,0.0392797619047619,2,1748
2010-03-07,"2010 W09",4,3,7,2399,2357,474,-10.7610357142857,0.0290595238095238,2,1725
2010-03-14,"2010 W10",8,1,9,2359,2341,442,-8.88823809523809,0.0321547619047619,1,1523
2010-03-21,"2010 W11",6,1,7,2291,2291,420,-10.6770535714286,0.0341904761904762,1,1404
2010-03-28,"2010 W12",6,0,6,1879,2078,306,-13.6612797619048,0.0548452380952381,1,1255
2010-04-04,"2010 W13",5,1,6,1840,1936,271,-4.95772619047619,0.060952380952381,1,1160
2010-04-11,"2010 W14",0,0,0,1652,1793,197,-4.7335119047619,0.0659345238095238,1,1077
2010-04-18,"2010 W15",2,0,2,1795,1897,166,-1.95695833333333,0.0548630952380952,1,1005
2010-04-25,"2010 W16",4,0,4,1518,1629,125,0.227630952380953,0.0445892857142857,1,966
2010-05-02,"2010 W17",2,0,2,1429,1514,106,0.367,0.08125,1,854
2010-05-09,"2010 W18",0,1,1,1383,1501,94,-1.33646428571429,0.0848511904761905,1,868
2010-05-16,"2010 W19",2,1,3,1172,1224,48,2.27227976190476,0.0545238095238095,1,833
2010-05-23,"2010 W20",2,2,4,1114,1245,57,4.93557738095238,0.0981666666666667,1,715
2010-05-30,"2010 W21",0,0,0,959,1054,37,6.67575595238095,0.0840714285714286,1,641
2010-06-06,"2010 W22",1,0,1,979,1060,32,7.70688095238095,0.0993988095238095,1,570
2010-06-13,"2010 W23",0,0,0,1172,1082,25,8.39057142857143,0.0872857142857143,1,592
2010-06-20,"2010 W24",0,0,0,865,754,25,10.1245416666667,0.101392857142857,1,546
2010-06-27,"2010 W25",8,0,8,1035,947,26,11.1816726190476,0.104994047619048,1,445
2010-07-04,"2010 W26",1,1,2,977,914,19,12.1620119047619,0.131238095238095,1,561
2010-07-11,"2010 W27",3,1,4,896,901,10,14.3022023809524,0.10877380952381,1,451
2010-07-18,"2010 W28",0,0,0,816,776,12,13.714875,0.140702380952381,1,462
2010-07-25,"2010 W29",2,1,3,743,708,6,13.8197738095238,0.10952380952381,1,481
2010-08-01,"2010 W30",0,0,0,709,700,2,14.0779583333333,0.0978452380952381,1,468
2010-08-08,"2010 W31",2,0,2,711,675,1,13.4621071428571,0.118702380952381,1,442
2010-08-15,"2010 W32",1,0,1,789,767,7,13.5624583333333,0.111625,1,506
2010-08-22,"2010 W33",6,0,6,729,706,3,11.2058095238095,0.114255952380952,1,569
2010-08-29,"2010 W34",2,0,2,932,953,10,10.767005952381,0.10975,1,648
2010-09-05,"2010 W35",0,1,1,903,913,10,9.55183928571429,0.136029761904762,1,857
2010-09-12,"2010 W36",3,0,3,1059,1039,6,6.77110714285714,0.101404761904762,1,1121
2010-09-19,"2010 W37",8,0,8,1278,1328,5,4.74382738095238,0.089952380952381,1,1409
2010-09-26,"2010 W38",12,0,12,1504,1456,13,2.81313095238095,0.119880952380952,2,1519
2010-10-03,"2010 W39",11,0,11,1602,1599,11,3.44473214285714,0.0934345238095238,2,1552
2010-10-10,"2010 W40",16,1,17,1596,1489,15,2.15047619047619,0.0890654761904762,3,1486
2010-10-17,"2010 W41",16,0,16,1567,1478,16,-0.534077380952381,0.0751904761904762,3,1486
2010-10-24,"2010 W42",13,1,14,1598,1506,19,-2.97290476190476,0.0753452380952381,3,1419
2010-10-31,"2010 W43",22,0,22,1787,1540,31,-4.9476369047619,0.0933690476190476,4,1594
2010-11-07,"2010 W44",38,4,42,1951,1581,39,-4.66639285714286,0.0761547619047619,3,1613
2010-11-14,"2010 W45",50,5,55,2111,1812,37,-7.38061904761905,0.050952380952381,3,1797
2010-11-21,"2010 W46",102,9,111,2438,1874,70,-14.1331845238095,0.0727738095238095,2,1815
2010-11-28,"2010 W47",220,5,225,2728,2049,81,-14.0566130952381,0.0761011904761905,2,1960
2010-12-05,"2010 W48",312,12,324,3006,2171,122,-14.3594226190476,0.0726666666666667,2,2174
2010-12-12,"2010 W49",561,5,566,3586,2557,211,-20.28225,0.0643095238095238,2,2526
2010-12-19,"2010 W50",961,27,988,4453,2744,269,-16.9333154761905,0.0910595238095238,2,3062
2010-12-26,"2010 W51",1361,16,1377,5501,3039,344,-15.290744047619,0.0438452380952381,3,3816
2011-01-02,"2010 W52",1781,31,1812,7090,3972,416,-18.4299345238095,0.0538988095238095,4,3924
2011-01-09,"2011 W01",1622,29,1651,7149,4194,419,-16.611369047619,0.0582916666666667,4,3448
2011-01-16,"2011 W02",1358,47,1405,6812,4230,529,-21.5858988095238,0.0498511904761905,3,3350
2011-01-23,"2011 W03",1107,63,1170,6625,4258,634,-25.2522083333333,0.05475,2,3162
2011-01-30,"2011 W04",1201,100,1301,6735,4607,800,-23.871625,0.0445833333333333,2,2952
2011-02-06,"2011 W05",1200,121,1321,6472,4445,848,-19.7501726190476,0.0421785714285714,2,2735
2011-02-13,"2011 W06",1046,107,1153,6224,4203,844,-22.5246726190476,0.04325,2,2307
2011-02-20,"2011 W07",949,143,1092,6111,4248,789,-21.803244047619,0.0503511904761905,2,2313
2011-02-27,"2011 W08",729,188,917,5754,4192,803,-21.3049523809524,0.035202380952381,2,2182
2011-03-06,"2011 W09",639,202,841,5617,4031,728,-23.4267023809524,0.0464821428571429,2,2023
2011-03-13,"2011 W10",394,269,663,5076,3909,669,-19.7058511904762,0.0668095238095238,1,1784
2011-03-20,"2011 W11",288,232,520,4624,3473,594,-15.8893452380952,0.047452380952381,2,1665
2011-03-27,"2011 W12",256,228,484,4239,3357,444,-12.0636666666667,0.0308630952380952,1,1476
2011-04-03,"2011 W13",191,250,441,4114,3236,462,-7.20444642857143,0.0395833333333333,1,1348
2011-04-10,"2011 W14",139,233,372,3580,2812,317,-8.27115476190476,0.0514761904761905,1,1172
2011-04-17,"2011 W15",56,160,216,3053,2496,228,-9.91641071428571,0.0739761904761905,1,1097
2011-04-24,"2011 W16",59,141,200,3189,2490,223,-7.87608928571429,0.0473452380952381,1,1011
2011-05-01,"2011 W17",41,92,133,2560,2000,153,-4.23617857142857,0.0753571428571429,1,879
2011-05-08,"2011 W18",28,59,87,2276,1778,101,-1.22720238095238,0.078422619047619,1,766
2011-05-15,"2011 W19",17,36,53,1851,1618,69,1.31774404761905,0.077125,1,775
2011-05-22,"2011 W20",15,29,44,1661,1504,74,4.9431130952381,0.0543690476190476,1,683
2011-05-29,"2011 W21",4,12,16,1449,1428,30,4.80402380952381,0.0863988095238095,1,625
2011-06-05,"2011 W22",1,4,5,1438,1400,37,6.11827976190476,0.110261904761905,1,606
2011-06-12,"2011 W23",3,2,5,1218,1166,17,7.69422619047619,0.089672619047619,1,518
2011-06-19,"2011 W24",1,1,2,1024,981,18,10.6140357142857,0.11239880952381,1,476
2011-06-26,"2011 W25",1,1,2,793,741,10,11.5975714285714,0.119410714285714,1,410
2011-07-03,"2011 W26",1,2,3,779,739,8,12.1071547619048,0.128666666666667,1,409
2011-07-10,"2011 W27",1,0,1,752,763,8,13.1430952380952,0.118261904761905,1,354
2011-07-17,"2011 W28",1,0,1,794,772,5,14.0515773809524,0.113488095238095,1,332
2011-07-24,"2011 W29",2,0,2,695,692,5,13.4015773809524,0.126636904761905,1,243
2011-07-31,"2011 W30",1,0,1,671,654,3,13.8749821428571,0.109607142857143,1,323
2011-08-07,"2011 W31",2,0,2,749,724,1,14.1766428571429,0.0909166666666667,1,180
2011-08-14,"2011 W32",0,1,1,699,701,3,12.7113035714286,0.106458333333333,1,231
2011-08-21,"2011 W33",1,1,2,762,758,7,11.1672738095238,0.13135119047619,1,211
2011-08-28,"2011 W34",3,1,4,819,808,4,11.701875,0.115797619047619,1,238
2011-09-04,"2011 W35",1,0,1,873,850,4,9.14164880952381,0.119714285714286,1,372
2011-09-11,"2011 W36",2,1,3,1072,1104,5,9.50145833333333,0.0795535714285714,1,476
2011-09-18,"2011 W37",0,1,1,1186,1152,9,5.6158630952381,0.09125,1,764
2011-09-25,"2011 W38",1,1,2,1425,1347,9,6.58557142857143,0.101482142857143,1,1030
2011-10-02,"2011 W39",4,0,4,1419,1419,10,3.62818452380952,0.0901190476190476,2,1120
2011-10-09,"2011 W40",3,0,3,1455,1472,23,2.47629761904762,0.0830833333333333,3,1248
2011-10-16,"2011 W41",4,0,4,1850,1704,25,0.0319880952380951,0.103654761904762,4,1467
2011-10-23,"2011 W42",1,2,3,1891,1703,33,-3.21332142857143,0.0774285714285714,4,1679
2011-10-30,"2011 W43",9,1,10,1946,1695,38,-5.4617619047619,0.0635,4,1926
2011-11-06,"2011 W44",9,2,11,2060,1852,58,-6.87632142857143,0.0558154761904762,4,1919
2011-11-13,"2011 W45",8,2,10,2342,2059,91,-8.99754761904762,0.0779821428571429,3,1950
2011-11-20,"2011 W46",18,3,21,2290,2079,106,-14.0822857142857,0.0564761904761905,3,1957
2011-11-27,"2011 W47",12,4,16,2499,2251,165,-14.879630952381,0.0737916666666667,2,1920
2011-12-04,"2011 W48",17,2,19,2641,2346,250,-14.6960535714286,0.070327380952381,2,2035
2011-12-11,"2011 W49",59,4,63,3008,2610,313,-16.147380952381,0.0509940476190476,2,2269
2011-12-18,"2011 W50",66,12,78,3077,2648,375,-16.9229226190476,0.0534761904761905,2,2450
2011-12-25,"2011 W51",61,17,78,2901,2478,502,-17.4395416666667,0.0496071428571429,2,2988
2012-01-01,"2011 W52",87,28,115,3818,3196,547,-19.3455238095238,0.0653154761904762,2,2816
2012-01-08,"2012 W01",97,38,135,3908,3186,567,-19.2992678571429,0.0633809523809524,2,2327
2012-01-15,"2012 W02",104,31,135,3817,2911,536,-21.0147857142857,0.0464404761904762,2,2118
2012-01-22,"2012 W03",141,43,184,3788,3360,578,-26.345494047619,0.0426785714285714,2,2056
2012-01-29,"2012 W04",154,80,234,3599,3120,578,-19.5290654761905,0.0748988095238095,2,2032
2012-02-05,"2012 W05",157,108,265,3497,2919,574,-17.006380952381,0.0334404761904762,2,2060
2012-02-12,"2012 W06",228,157,385,3906,3251,612,-19.1837738095238,0.0227559523809524,2,2248
2012-02-19,"2012 W07",315,218,533,3899,3091,556,-15.4730297619048,0.0309166666666667,2,2583
2012-02-26,"2012 W08",466,412,878,4936,3595,651,-18.0898035714286,0.0479880952380952,2,2589
2012-03-04,"2012 W09",526,558,1084,5123,3845,571,-20.6966726190476,0.0393988095238095,2,2698
2012-03-11,"2012 W10",533,699,1232,5255,3836,430,-17.6040773809524,0.0586190476190476,2,2495
2012-03-18,"2012 W11",525,801,1326,5427,3908,384,-11.958869047619,0.0709107142857143,2,2202
2012-03-25,"2012 W12",438,570,1008,4968,3562,317,-11.7401726190476,0.0582619047619048,1,1860
2012-04-01,"2012 W13",325,461,786,4144,2953,276,-8.97939880952381,0.0579107142857143,1,1742
2012-04-08,"2012 W14",319,545,864,4529,3362,244,-6.38895238095238,0.0506011904761905,1,1757
2012-04-15,"2012 W15",275,465,740,4238,3058,232,-6.19582142857143,0.0387619047619048,1,1583
2012-04-22,"2012 W16",173,354,527,3588,2668,169,-5.29814285714286,0.0535119047619048,1,1354
2012-04-29,"2012 W17",155,285,440,3279,2509,110,-3.10519047619048,0.0966488095238095,1,1358
2012-05-06,"2012 W18",113,193,306,3134,2472,108,0.0861666666666665,0.0718214285714286,1,1172
2012-05-13,"2012 W19",95,146,241,2610,2039,85,2.68090476190476,0.0792916666666667,1,1057
2012-05-20,"2012 W20",41,110,151,2144,1676,68,3.50322619047619,0.0759166666666667,1,1013
2012-05-27,"2012 W21",47,76,123,1916,1670,58,5.43020833333333,0.0941666666666667,1,851
2012-06-03,"2012 W22",20,28,48,1552,1527,51,7.5403869047619,0.0912678571428571,1,879
2012-06-10,"2012 W23",11,19,30,1530,1405,40,9.994875,0.110327380952381,1,819
2012-06-17,"2012 W24",18,6,24,1323,1323,32,9.76542261904762,0.13885119047619,1,799
2012-06-24,"2012 W25",10,9,19,1262,1219,29,12.0388511904762,0.107255952380952,1,722
2012-07-01,"2012 W26",2,5,7,1166,1156,20,13.3121428571429,0.114714285714286,1,745
2012-07-08,"2012 W27",5,2,7,1115,1082,14,14.3071785714286,0.107672619047619,1,764
2012-07-15,"2012 W28",8,2,10,1135,1080,12,15.3080892857143,0.0941190476190476,1,679
2012-07-22,"2012 W29",4,1,5,1127,1077,10,14.5256428571429,0.109714285714286,1,619
2012-07-29,"2012 W30",5,1,6,1108,1028,7,13.9022083333333,0.101267857142857,1,583
2012-08-05,"2012 W31",2,1,3,1003,978,6,13.6505238095238,0.12372619047619,1,653
2012-08-12,"2012 W32",1,1,2,1168,1075,8,13.4698988095238,0.0984702380952381,1,684
2012-08-19,"2012 W33",3,1,4,1136,1076,13,12.0742321428571,0.106041666666667,1,726
2012-08-26,"2012 W34",8,1,9,1160,1121,19,12.5558869047619,0.0874285714285714,1,819
2012-09-02,"2012 W35",6,2,8,1140,1122,8,10.9586726190476,0.104089285714286,1,884
2012-09-09,"2012 W36",2,0,2,1275,1219,12,9.40842857142857,0.105404761904762,1,1047
2012-09-16,"2012 W37",5,0,5,1463,1422,15,6.43447619047619,0.0929642857142857,1,1393
2012-09-23,"2012 W38",4,1,5,1575,1453,18,6.28910714285714,0.0908571428571429,2,1699
2012-09-30,"2012 W39",7,0,7,1779,1675,30,5.67548214285714,0.0604404761904762,2,1789
2012-10-07,"2012 W40",20,1,21,1850,1770,34,2.25215476190476,0.0903869047619048,3,1861
2012-10-14,"2012 W41",18,0,18,1914,1839,33,-1.84580952380952,0.0900059523809524,4,1946
2012-10-21,"2012 W42",23,3,26,2018,1929,39,-1.99216071428571,0.113535714285714,5,1909
2012-10-28,"2012 W43",58,6,64,2335,2181,56,-6.42166666666667,0.0745,5,2013
2012-11-04,"2012 W44",106,9,115,2499,2119,79,-8.32899404761905,0.096827380952381,4,2091
2012-11-11,"2012 W45",140,9,149,2578,2177,114,-11.4209702380952,0.0659345238095238,4,2247
2012-11-18,"2012 W46",279,6,285,2983,2354,134,-12.7106428571429,0.0581369047619048,3,2401
2012-11-25,"2012 W47",418,13,431,3602,2811,191,-14.7504642857143,0.0679285714285714,3,2719
2012-12-02,"2012 W48",823,34,857,4626,3487,322,-19.1889166666667,0.0524404761904762,3,3262
2012-12-09,"2012 W49",1484,51,1535,6245,4371,397,-18.4627380952381,0.0702083333333333,3,4003
2012-12-16,"2012 W50",2507,57,2564,8701,5753,545,-20.4971726190476,0.0536011904761905,4,4934
2012-12-23,"2012 W51",3080,61,3141,8983,5921,689,-18.9943630952381,0.0600654761904762,5,6425
2012-12-30,"2012 W52",3818,76,3894,12032,7343,837,-20.9106428571429,0.0327797619047619,5,7496
2013-01-06,"2013 W01",3657,85,3742,12162,7643,864,-20.1412738095238,0.0347440476190476,8,7698
2013-01-13,"2013 W02",2711,59,2770,10443,6847,824,-20.942244047619,0.0510892857142857,7,6803
2013-01-20,"2013 W03",1886,70,1956,8644,6954,967,-23.5297142857143,0.0517678571428571,4,4778
2013-01-27,"2013 W04",1735,96,1831,7528,5902,1067,-24.3158869047619,0.0366904761904762,3,3939
2013-02-03,"2013 W05",993,117,1110,6311,4960,1003,-23.6100416666667,0.062125,3,3230
2013-02-10,"2013 W06",778,120,898,5980,5019,1014,-22.0762857142857,0.0419761904761905,2,2768
2013-02-17,"2013 W07",440,192,632,5213,4422,943,-17.2160833333333,0.0446964285714286,2,2597
2013-02-24,"2013 W08",489,286,775,5307,4574,828,-18.6993452380952,0.0507380952380952,2,2306
2013-03-03,"2013 W09",350,291,641,4895,4157,733,-15.7040416666667,0.0456964285714286,2,2068
2013-03-10,"2013 W10",220,288,508,4336,3672,613,-15.3908988095238,0.0327678571428571,2,1901
2013-03-17,"2013 W11",170,322,492,3995,3653,521,-17.6481845238095,0.0672619047619048,2,1833
2013-03-24,"2013 W12",106,299,405,3430,2885,340,-13.8733452380952,0.0477380952380952,2,1642
2013-03-31,"2013 W13",117,318,435,3821,3192,354,-8.94670238095238,0.0242797619047619,2,1754
2013-04-07,"2013 W14",78,367,445,3715,3107,279,-11.148755952381,0.0563571428571429,2,1603
2013-04-14,"2013 W15",44,354,398,3553,2864,183,-7.54826785714286,0.0520535714285714,2,1458
2013-04-21,"2013 W16",67,308,375,3360,2778,171,-8.09732738095238,0.0763035714285714,2,1379
2013-04-28,"2013 W17",40,277,317,3172,2571,119,-5.16548214285714,0.0729464285714286,1,1265
2013-05-05,"2013 W18",30,194,224,2664,2263,74,-2.72130357142857,0.0749285714285714,1,1133
2013-05-12,"2013 W19",31,120,151,2382,2089,49,-0.239279761904762,0.0603452380952381,1,1046
2013-05-19,"2013 W20",11,64,75,1902,1726,47,2.93070833333333,0.0734345238095238,1,1002
2013-05-26,"2013 W21",14,54,68,1976,1834,29,4.5745119047619,0.0934821428571429,1,986
2013-06-02,"2013 W22",9,26,35,1738,1625,26,7.30960119047619,0.108994047619048,1,872
2013-06-09,"2013 W23",4,16,20,1624,1594,21,8.22133333333333,0.0898035714285714,1,835
2013-06-16,"2013 W24",6,6,12,1518,1550,18,10.0592976190476,0.101875,1,831
2013-06-23,"2013 W25",7,3,10,1395,1377,15,11.2442678571429,0.0931607142857143,1,821
2013-06-30,"2013 W26",8,1,9,1216,1208,4,13.1892083333333,0.110988095238095,1,839
2013-07-07,"2013 W27",9,0,9,1444,1420,10,13.441625,0.100833333333333,1,715
2013-07-14,"2013 W28",8,2,10,1269,1253,6,12.3321964285714,0.122119047619048,1,710
2013-07-21,"2013 W29",1,1,2,1129,1145,11,12.7254702380952,0.112970238095238,1,690
2013-07-28,"2013 W30",1,0,1,1195,1176,7,12.252875,0.118410714285714,1,635
2013-08-04,"2013 W31",4,0,4,1052,994,3,12.797,0.103125,1,707
2013-08-11,"2013 W32",5,1,6,1087,1136,8,13.258630952381,0.080922619047619,1,698
2013-08-18,"2013 W33",1,1,2,1036,1049,5,13.054125,0.083172619047619,1,627
2013-08-25,"2013 W34",6,1,7,1146,1138,6,10.786505952381,0.118803571428571,1,660
2013-09-01,"2013 W35",2,1,3,1044,1084,9,9.64585119047619,0.0975238095238095,1,780
2013-09-08,"2013 W36",2,2,4,1249,1279,18,8.79427380952381,0.0956011904761905,1,1016
2013-09-15,"2013 W37",3,0,3,1495,1507,6,7.17695238095238,0.0849583333333333,1,1328
2013-09-22,"2013 W38",3,0,3,1714,1723,13,4.30560119047619,0.11302380952381,2,1598
2013-09-29,"2013 W39",4,2,6,1847,1834,8,5.06730357142857,0.0979583333333333,2,1546
2013-10-06,"2013 W40",5,2,7,1934,1914,18,1.95947023809524,0.0805416666666667,2,1585
2013-10-13,"2013 W41",3,0,3,1803,1780,16,0.619178571428571,0.0847321428571429,3,1632
2013-10-20,"2013 W42",13,8,21,2049,2011,22,-0.00366666666666664,0.0646964285714286,5,1849
2013-10-27,"2013 W43",25,4,29,2534,2467,34,-3.4133869047619,0.0647321428571428,5,1968
2013-11-03,"2013 W44",36,6,42,2619,2449,30,-6.71641666666667,0.0635178571428571,5,2031
2013-11-10,"2013 W45",53,11,64,2562,2402,58,-10.6363035714286,0.059625,4,2130
2013-11-17,"2013 W46",54,11,65,2889,2559,67,-11.853119047619,0.0612976190476191,3,2137
2013-11-24,"2013 W47",101,12,113,3090,2683,108,-17.553880952381,0.080047619047619,3,2154
2013-12-01,"2013 W48",197,14,211,3369,2934,174,-17.133875,0.0623392857142857,3,2354
2013-12-08,"2013 W49",364,26,390,3816,3390,258,-19.8049285714286,0.0490595238095238,3,2897
2013-12-15,"2013 W50",679,33,712,4345,3624,306,-23.8837321428571,0.0598511904761905,3,3745
2013-12-22,"2013 W51",1163,38,1201,5083,4272,363,-24.8828214285714,0.0485714285714286,4,4946
2013-12-29,"2013 W52",2061,117,2178,8307,6504,649,-23.9085,0.0583214285714286,8,5706
2014-01-05,"2014 W01",2853,186,3039,11660,8512,685,-27.7745416666667,0.0486190476190476,100,5766
2014-01-12,"2014 W02",2966,143,3109,11441,8643,590,-21.5122797619048,0.0844345238095238,48,5838
2014-01-19,"2014 W03",2401,168,2569,10933,7721,665,-18.2263928571429,0.064672619047619,28,4830
2014-01-26,"2014 W04",1957,208,2165,10019,7037,714,-21.6835297619048,0.0398035714285714,23,4049
2014-02-02,"2014 W05",1534,230,1764,9091,6762,754,-21.0334880952381,0.0285535714285714,19,3729
2014-02-09,"2014 W06",1067,244,1311,7786,5769,692,-22.5180535714286,0.0156785714285714,17,3438
2014-02-16,"2014 W07",704,291,995,7104,5259,692,-24.0172083333333,0.0509642857142857,16,2999
2014-02-23,"2014 W08",527,315,842,6518,4863,644,-20.022244047619,0.052047619047619,15,2861
2014-03-02,"2014 W09",376,367,743,6024,4722,639,-24.9628452380952,0.0163571428571429,16,2637
2014-03-09,"2014 W10",265,492,757,5650,4416,592,-20.6674880952381,0.0420714285714286,14,2461
2014-03-16,"2014 W11",159,467,626,5144,4166,571,-16.4599107142857,0.0476130952380952,14,2328
2014-03-23,"2014 W12",144,552,696,5000,4031,441,-15.3922380952381,0.0393988095238095,13,2241
2014-03-30,"2014 W13",115,523,638,5462,4064,413,-16.1243392857143,0.0372380952380952,12,2144
2014-04-06,"2014 W14",92,646,738,4830,4042,383,-12.181244047619,0.0517916666666667,12,2120
2014-04-13,"2014 W15",58,560,618,3974,3474,278,-9.87417857142857,0.0636547619047619,11,1957
2014-04-20,"2014 W16",73,507,580,4328,3654,254,-7.27092261904762,0.0579821428571429,12,1959
2014-04-27,"2014 W17",33,407,440,3899,3238,222,-4.08269642857143,0.0662261904761905,10,1699
2014-05-04,"2014 W18",32,364,396,3658,3196,165,-1.49910714285714,0.0632440476190476,9,1571
2014-05-11,"2014 W19",53,257,310,3300,2981,131,0.249029761904762,0.0645119047619048,9,1481
2014-05-18,"2014 W20",38,165,203,2615,2363,104,2.76552380952381,0.0791607142857143,7,1448
2014-05-25,"2014 W21",36,105,141,2507,2464,73,5.26864880952381,0.100565476190476,7,1218
2014-06-01,"2014 W22",16,44,60,2038,2028,46,7.55041071428571,0.0957559523809524,7,1101
2014-06-08,"2014 W23",18,36,54,2003,1938,41,7.19922619047619,0.11175,6,1013
2014-06-15,"2014 W24",9,27,36,1842,1815,36,9.13153571428571,0.119154761904762,6,953
2014-06-22,"2014 W25",15,15,30,1767,1741,17,11.0368273809524,0.106916666666667,6,916
2014-06-29,"2014 W26",10,11,21,1569,1530,17,13.2976845238095,0.104732142857143,6,901
2014-07-06,"2014 W27",10,4,14,1861,1533,17,13.5242976190476,0.125119047619048,5,772
2014-07-13,"2014 W28",12,6,18,1504,1474,11,12.9341666666667,0.110089285714286,6,822
2014-07-20,"2014 W29",6,1,7,1239,1209,13,13.9835416666667,0.105636904761905,6,743
2014-07-27,"2014 W30",5,3,8,1457,1467,5,13.7877380952381,0.110583333333333,6,754
2014-08-03,"2014 W31",2,2,4,1213,1097,3,13.9517976190476,0.0927678571428571,6,757
2014-08-10,"2014 W32",8,0,8,1273,1267,5,13.1525595238095,0.0933988095238095,6,830
2014-08-17,"2014 W33",8,3,11,1261,1280,8,12.9342738095238,0.113583333333333,5,791
2014-08-24,"2014 W34",2,3,5,1311,1327,5,11.2307261904762,0.0942857142857143,6,858
2014-08-31,"2014 W35",3,1,4,1323,1334,3,10.073380952381,0.104089285714286,7,915
2014-09-07,"2014 W36",13,2,15,2020,1919,9,7.89845833333333,0.117065476190476,9,1208
2014-09-14,"2014 W37",14,5,19,2458,2451,9,4.26705952380952,0.0794702380952381,13,1648
2014-09-21,"2014 W38",23,3,26,2961,2724,20,4.47067857142857,0.0880178571428571,12,1750
2014-09-28,"2014 W39",29,2,31,2868,2791,12,4.72050595238095,0.0960178571428571,17,1809
2014-10-05,"2014 W40",31,8,39,2963,2902,42,0.536541666666667,0.111166666666667,22,2004
2014-10-12,"2014 W41",40,12,52,2648,2475,29,0.206625,0.0895297619047619,30,2243
2014-10-19,"2014 W42",45,6,51,3354,3219,67,-0.994666666666667,0.116815476190476,43,2269
2014-10-26,"2014 W43",50,10,60,2994,2870,85,-3.35769047619048,0.089327380952381,35,2271
2014-11-02,"2014 W44",90,9,99,3117,2908,109,-6.04925,0.084952380952381,34,2554
2014-11-09,"2014 W45",137,7,144,3176,2810,178,-9.68407738095238,0.0964166666666667,26,2505
2014-11-16,"2014 W46",297,9,306,3587,3167,193,-14.620494047619,0.0304761904761905,25,2548
2014-11-23,"2014 W47",623,24,647,4465,3910,311,-15.0874047619048,0.0556607142857143,20,2578
2014-11-30,"2014 W48",987,35,1022,5319,4295,369,-20.1278630952381,0.0766964285714286,24,2892
2014-12-07,"2014 W49",1700,39,1739,6435,4854,468,-20.8320416666667,0.0417857142857143,23,3725
2014-12-14,"2014 W50",2842,56,2898,9963,7104,668,-15.2726369047619,0.0782857142857143,25,4856
2014-12-21,"2014 W51",3101,52,3153,9129,5731,547,-16.738630952381,0.0397916666666667,27,6266
2014-12-28,"2014 W52",4331,102,4433,14004,8457,848,-17.6693214285714,0.0686130952380953,35,7362
